{"cameraMode":{"drawMode":0,"name":"Shaded","section":"Shading Mode"},"sceneLighting":true,"audioPlay":false,"sceneViewState":{"showFog":true,"showMaterialUpdate":false,"showSkybox":true,"showFlares":true,"showImageEffects":true,"showParticleSystems":true},"in2DMode":false,"pivot":{"x":260.32513427734377,"y":155.6212615966797,"z":42.17730712890625},"rotation":{"x":-0.10449805110692978,"y":0.8728077411651611,"z":-0.2141098529100418,"w":-0.425975501537323},"size":386.2289123535156,"orthographic":false}